{
    "x_norm": [
        0.5060033033743164
    ],
    "y_norm": [
        0.7566266864634033
    ],
    "sizes_norm": [
        1.0
    ],
    "r_norm": [
        0.3078933222210619
    ],
    "theta_norm": [
        0.7549678226203023
    ],
    "size_norm": [
        1.0
    ]
}